{"cv_score": 0.8509453227931489, "test_score": 0.8846153846153846, "params": {"C": 0.195, "max_iter": 50}}