Feature,accuracy_th,f1_th,cohens_th,mcc_th,youden_th
"EF  baseline (in %, numeric) ",0.98,0.98,0.0,0.0,0.0
EMB:  CD3  (numeric),0.48999999999999994,0.48999999999999994,0.4699999999999999,0.48999999999999994,0.27999999999999997
EMB: CD45 (numeric) ,0.54,0.73,0.26,0.26,0.26
EMB: LFA1 (numeric),0.45,0.45,0.45,0.17,0.17
EMB:  Perforin (numeric) ,0.85,0.85,0.03,0.03,0.03
EMB: Mac (numeric),0.53,0.53,0.47000000000000003,0.53,0.3
EMB: HLA1 (numeric) ,0.9300000000000002,0.9300000000000002,0.4100000000000001,0.4100000000000001,0.4100000000000001
EMB: CD54 (nuermic),0.7199999999999999,0.7199999999999999,0.42999999999999994,0.42999999999999994,0.42999999999999994
EMB:  VCAM (numeric),0.87,0.87,0.34,0.37,0.24
